{
  "results": [
    {
      "command": "hk",
      "mean": 3.1453756898800003,
      "stddev": 0.7496238653169958,
      "median": 3.42931314528,
      "user": 31.639072200000005,
      "system": 8.64167896,
      "min": 1.80923202228,
      "max": 3.57517840528,
      "times": [
        3.4152256052800003,
        3.4979292712800003,
        1.80923202228,
        3.42931314528,
        3.57517840528
      ],
      "memory_usage_byte": [
        106520576,
        107548672,
        107548672,
        107548672,
        107548672
      ],
      "exit_codes": [
        1,
        1,
        1,
        1,
        1
      ]
    },
    {
      "command": "lefthook",
      "mean": 20.83233825608,
      "stddev": 0.06768800142106102,
      "median": 20.82420311628,
      "user": 9.3937274,
      "system": 9.73596556,
      "min": 20.73983797828,
      "max": 20.91858081628,
      "times": [
        20.80664985628,
        20.91858081628,
        20.73983797828,
        20.87241951328,
        20.82420311628
      ],
      "memory_usage_byte": [
        294998016,
        294998016,
        294998016,
        294998016,
        294998016
      ],
      "exit_codes": [
        0,
        0,
        0,
        0,
        0
      ]
    },
    {
      "command": "pre-commit",
      "mean": 10.59662876868,
      "stddev": 0.024356423860271433,
      "median": 10.59981088328,
      "user": 42.1447852,
      "system": 24.01525816,
      "min": 10.56924503928,
      "max": 10.63262178528,
      "times": [
        10.59981088328,
        10.63262178528,
        10.56924503928,
        10.57959908328,
        10.60186705228
      ],
      "memory_usage_byte": [
        294998016,
        294998016,
        294998016,
        294998016,
        294998016
      ],
      "exit_codes": [
        1,
        1,
        1,
        1,
        1
      ]
    },
    {
      "command": "prek",
      "mean": 10.51611136848,
      "stddev": 0.09530332678707176,
      "median": 10.54002590428,
      "user": 41.586060200000006,
      "system": 24.417182959999998,
      "min": 10.40283164628,
      "max": 10.61676002128,
      "times": [
        10.40283164628,
        10.54002590428,
        10.61676002128,
        10.43067964128,
        10.590259629279998
      ],
      "memory_usage_byte": [
        294998016,
        294998016,
        294998016,
        294998016,
        294998016
      ],
      "exit_codes": [
        1,
        1,
        1,
        1,
        1
      ]
    }
  ]
}
