{
  "results": [
    {
      "command": "hk",
      "mean": 0.07705724096000001,
      "stddev": 0.00225828647456267,
      "median": 0.07581218516,
      "user": 0.02973186,
      "system": 0.05945918,
      "min": 0.07503005716000001,
      "max": 0.07965853016,
      "times": [
        0.07542446816000001,
        0.07503005716000001,
        0.07581218516,
        0.07965853016,
        0.07936096416
      ],
      "memory_usage_byte": [
        22192128,
        22192128,
        22192128,
        22192128,
        22192128
      ],
      "exit_codes": [
        0,
        0,
        0,
        0,
        0
      ]
    },
    {
      "command": "lefthook",
      "mean": 0.015376739759999999,
      "stddev": 0.0005726332992385262,
      "median": 0.01535815116,
      "user": 0.00506726,
      "system": 0.01902378,
      "min": 0.01480584916,
      "max": 0.01613783316,
      "times": [
        0.01613783316,
        0.01573330416,
        0.01535815116,
        0.01480584916,
        0.01484856116
      ],
      "memory_usage_byte": [
        22192128,
        22192128,
        22192128,
        22192128,
        22192128
      ],
      "exit_codes": [
        0,
        0,
        0,
        0,
        0
      ]
    },
    {
      "command": "pre-commit",
      "mean": 0.11494880076,
      "stddev": 0.00186512252628622,
      "median": 0.11509741316000001,
      "user": 0.08112246,
      "system": 0.056076179999999996,
      "min": 0.11225799316000001,
      "max": 0.11698778916000001,
      "times": [
        0.11698778916000001,
        0.11225799316000001,
        0.11509741316000001,
        0.11411226016,
        0.11628854816
      ],
      "memory_usage_byte": [
        33509376,
        33509376,
        33509376,
        33554432,
        33554432
      ],
      "exit_codes": [
        0,
        0,
        0,
        0,
        0
      ]
    },
    {
      "command": "prek",
      "mean": 0.07467558776000001,
      "stddev": 0.005201905351135564,
      "median": 0.07575175016,
      "user": 0.31839306,
      "system": 0.22496678,
      "min": 0.06896489416000001,
      "max": 0.08209964216000001,
      "times": [
        0.08209964216000001,
        0.07575175016,
        0.06896489416000001,
        0.07050037416,
        0.07606127816000001
      ],
      "memory_usage_byte": [
        44302336,
        44302336,
        44302336,
        44302336,
        44302336
      ],
      "exit_codes": [
        0,
        0,
        0,
        0,
        0
      ]
    }
  ]
}
