{
  "results": [
    {
      "command": "hk",
      "mean": 0.41579532100000005,
      "stddev": 0.1781444734609677,
      "median": 0.3191992334,
      "user": 3.7414984000000002,
      "system": 1.4832805199999999,
      "min": 0.2523387144,
      "max": 0.6405490304,
      "times": [
        0.5744336574000001,
        0.6405490304,
        0.2924559694,
        0.3191992334,
        0.2523387144
      ],
      "memory_usage_byte": [
        88080384,
        88080384,
        88080384,
        88080384,
        88080384
      ],
      "exit_codes": [
        0,
        0,
        1,
        1,
        1
      ]
    },
    {
      "command": "lefthook",
      "mean": 0.7164940746000001,
      "stddev": 0.010473908470804523,
      "median": 0.7171945474,
      "user": 0.5492953999999999,
      "system": 0.25012212,
      "min": 0.7033206044,
      "max": 0.7301953284,
      "times": [
        0.7220565714,
        0.7033206044,
        0.7171945474,
        0.7097033214,
        0.7301953284
      ],
      "memory_usage_byte": [
        105967616,
        105967616,
        105967616,
        105967616,
        105967616
      ],
      "exit_codes": [
        0,
        0,
        0,
        0,
        0
      ]
    },
    {
      "command": "pre-commit",
      "mean": 0.806676644,
      "stddev": 0.005778710497365693,
      "median": 0.8066666144000001,
      "user": 1.9759197999999998,
      "system": 0.86131452,
      "min": 0.8001291044000001,
      "max": 0.8152471604,
      "times": [
        0.8066666144000001,
        0.8152471604,
        0.8001291044000001,
        0.8084291444,
        0.8029111964000001
      ],
      "memory_usage_byte": [
        105967616,
        105967616,
        105967616,
        105967616,
        105967616
      ],
      "exit_codes": [
        1,
        1,
        1,
        1,
        1
      ]
    },
    {
      "command": "prek",
      "mean": 0.7399880329999999,
      "stddev": 0.004966188267403893,
      "median": 0.7385276584,
      "user": 2.1158728,
      "system": 1.0710449199999998,
      "min": 0.7357536284,
      "max": 0.7486081144000001,
      "times": [
        0.7385740004,
        0.7486081144000001,
        0.7384767634,
        0.7385276584,
        0.7357536284
      ],
      "memory_usage_byte": [
        105967616,
        105967616,
        105967616,
        105967616,
        105967616
      ],
      "exit_codes": [
        1,
        1,
        1,
        1,
        1
      ]
    }
  ]
}
